Solver,Implosion,RT Instability
RK54,20.18,130.9912541
RK4,15.79,103.1576212
RK3,11.94,75.69994828
RK2,8.06,51.56731397
VL2,7.43,50.29231863
